hours,tasks
23.242643,14.7808695
20.255201,11.001909
6.886747,6.458669
25.575191,17.266567
10.413931,9.864463
29.398582,17.314945
13.857021,5.7330074
0.22824526,1.5175135
9.494929,8.049503
12.702055,5.3600492
38.330902,22.026539
35.63792,20.572632
30.739353,17.418425
5.6866527,0.28930283
39.23536,19.971567
38.332397,19.937443
23.522804,15.006183
18.901117,12.371385
12.486441,9.760469
21.197107,15.512632
27.70301,16.542444
27.89726,14.943682
18.22453,13.834834
36.409554,20.197748
38.37071,21.977732
25.482502,13.614469
20.411198,14.0296
38.365635,23.668173
30.629328,16.668518
32.58278,17.624292
21.094593,11.752386
12.959253,8.296649
16.198212,10.631851
32.46041,19.59844
19.204275,14.116718
3.8802695,3.093174
34.746513,20.46795
33.170174,19.458717
30.772161,17.998388
4.142313,4.0673776
16.262873,9.460622
19.930534,12.091621
1.4181352,3.0905442
26.91137,16.621834
0.4367137,1.2049538
3.5098386,5.087153
23.580683,11.334869
3.46704,3.8998966
3.9697838,1.5535474
1.2207246,2.4701324
28.486422,15.920011
2.1721244,2.3522925
13.508947,9.561698
14.178233,7.8521495
2.678175,3.2956746
6.652329,1.9339728
39.83766,23.066093
13.238537,10.106092
22.954689,14.7526
6.739371,6.2677803
34.372818,20.498146
14.297979,8.115118
1.3294363,0.8009002
37.08503,20.33122
21.399633,14.268807
39.13828,21.575285
2.8445196,6.036785
11.219444,7.683235
18.782072,13.197044
35.353786,20.505436
38.55637,21.836155
39.421326,21.410164
27.955032,17.00145
10.952139,7.627512
23.94321,12.833416
26.451557,13.997571
36.338837,21.20219
30.60457,15.44827
26.1418,14.921983
30.822784,17.86637
32.14478,19.829006
17.333038,9.028507
30.774624,18.778973
10.937098,6.968277
13.984983,8.651656
29.017668,16.06388
5.384128,5.4468536
32.735752,19.510643
35.47464,19.410149
9.629459,8.300362
37.09005,21.621458
36.782692,21.02808
7.95959,5.6222954
31.239178,19.684143
27.064104,14.057621
8.761597,6.9979997
30.771622,18.729156
5.3640413,7.435295
20.327095,11.254449
13.107142,10.36573
35.902542,21.261858
25.38322,15.507782
16.902906,12.577477
14.888908,8.924902
39.352768,24.019604
20.711258,10.929549
1.7690134,0.595768
31.821165,16.499804
11.495001,9.610583
9.321561,4.023863
30.786364,18.320322
5.0104904,1.7053928
25.737045,18.70086
11.223223,7.645157
13.140802,9.394568
9.682453,7.6968193
1.5414953,1.6436594
7.3446274,2.1876915
24.911846,12.675329
24.466843,12.743175
16.375034,10.731015
10.54055,7.6646137
26.82547,14.6316395
2.440958,1.4959406
1.4584517,1.470215
28.138515,14.066155
7.502134,4.3873215
37.581833,20.28289
33.406094,18.304913
2.0758247,1.5241156
8.753012,7.3859696
18.205442,8.31516
33.951756,19.891022
16.24996,11.073008
9.779792,5.734503
10.463681,6.7671986
27.55436,12.183659
5.1714396,4.7800126
17.835962,14.285704
26.14321,12.777378
33.420963,18.021946
26.233746,14.69773
6.14223,4.836849
30.075054,17.99113
30.619133,16.881765
30.101215,17.175074
36.984,21.52262
30.333826,19.8807
16.98405,9.911914
3.516984,6.561861
19.054867,13.403508
7.69866,3.4337673
13.593882,6.679515
12.938234,6.197707
28.156326,16.28994
17.168196,10.673159
22.320942,11.406179
27.068935,16.072199
2.7779198,4.8823285
28.608452,16.096699
22.205534,13.90069
0.9438181,3.9572833
34.470848,20.445532
17.740622,8.142338
31.275078,16.059471
24.233356,10.704538
2.5060558,1.6858373
24.421532,13.887455
13.244392,8.352939
24.25618,16.27494
34.23512,15.80474
24.088097,16.117329
34.294197,21.901892
23.176838,14.136612
5.716872,1.5665002
29.563906,17.025013
36.256897,19.290865
21.081877,9.532557
22.18004,15.384319
12.079024,7.843034
30.215439,16.78658
9.826868,3.6533337
28.102453,16.887062
25.870878,13.783173
9.231639,6.31624
28.619764,18.86429
19.395048,13.333065
4.7608733,4.757247
35.527473,19.869576
30.125141,18.188646
17.41874,9.31559
27.981329,18.487099
5.9981823,6.211476
15.293797,9.507609
19.576958,10.848
24.864285,15.922308
1.663959,3.2594328
31.613789,18.585234
17.777569,9.308375
25.92452,16.073898
11.488579,6.463381
29.516413,17.286201
5.1085377,2.327221
26.571754,17.54852
34.300877,17.401926
9.96418,4.593751
11.159571,6.9804354
13.528342,7.8782415
22.59178,15.493048
35.159515,21.69698
34.85269,18.429111
33.89231,19.581755
14.831078,8.342706
35.79554,20.018871
32.97974,20.971272
11.962978,3.7026305
32.675827,18.623304
6.9734097,8.026932
26.109898,14.025932
28.476292,13.869731
30.087238,20.37758
31.531021,16.032988
21.73096,13.59744
26.188076,13.855433
36.749607,17.253841
26.2253,15.278913
33.45929,20.951555
6.7345405,4.753898
39.704605,22.27834
18.923111,11.912064
35.98723,18.762926
33.627842,17.935984
38.716564,19.336342
7.3344827,5.8723416
37.358585,18.726093
18.041792,13.01272
19.86594,11.648572
15.122841,10.119981
10.899067,8.1995
39.143063,23.008804
12.091963,8.13357
7.0033073,8.614899
39.592216,18.993568
18.75647,10.869856
19.536522,11.279195
17.742302,10.177141
17.435593,9.786298
2.9795003,0.089770555
7.630105,5.703977
13.05933,9.782952
4.1947722,4.439223
26.98648,15.650353
14.046502,10.161949
11.358008,10.29691
36.244267,20.125069
35.246887,20.880838
1.7978835,2.2584121
6.4806604,3.9744895
5.8608484,7.364775
33.14292,19.348223
32.14599,17.252224
6.9756556,3.8615284
25.775204,14.079454
7.4156165,6.230778
6.79533,4.755755
34.04178,19.385746
23.989782,13.735244
17.667027,11.932974
31.15081,18.077694
4.1835284,5.6432724
11.946554,5.354947
17.138346,9.416879
18.400667,13.089011
20.727734,12.664443
3.2117152,3.8200393
29.763111,19.31892
0.28761148,2.3895798
19.287188,12.415969
0.6896162,2.5008593
26.748735,16.246157
12.138369,9.340709
8.649855,6.4581947
17.451727,11.086807
36.10759,19.013113
19.736788,10.003413
9.693861,9.07735
31.397963,20.450857
0.5010438,1.5952288
2.5256157,4.312839
37.260002,20.67089
16.731407,9.539529
18.741005,11.224187
5.6013155,4.670782
8.487179,5.802698
11.228712,6.1023693
9.374783,5.045475
1.2343931,2.5415738
0.20391226,1.284335
17.878185,14.09066
14.83408,9.280338
